{
  "title": "IP Locator",
  "description": "Track location and network information based on an IP address.",
  "method": "GET",
  "path": "/api/iplocator",
  "response": {
    "ip": "8.8.8.8",
    "version": "IPv4",
    "city": "Mountain View",
    "region": "California",
    "region_code": "CA",
    "country_code": "US",
    "country_code_iso3": "USA",
    "country_name": "United States",
    "country_capital": "Washington, D.C.",
    "country_tld": ".us",
    "continent_code": "NA",
    "in_eu": false,
    "postal": "94043",
    "latitude": 37.422,
    "longitude": -122.084,
    "timezone": "America/Los_Angeles",
    "utc_offset": "-0700",
    "country_calling_code": "+1",
    "currency": "USD",
    "currency_name": "United States Dollar",
    "languages": "en-US,es-US,haw,fr",
    "country_area": 9629091,
    "country_population": 327167434,
    "asn": "AS15169",
    "org": "Google LLC",
    "hostname": "dns.google"
  },
  "curl": "curl -X GET \\\n  -H \"Authorization: Bearer YOUR_ACCESS_TOKEN\" \\\n  'https://matic.eu.org/api/iplocator?ip=8.8.8.8'",
  "parameters": [
    {
      "type": "text",
      "name": "ip",
      "label": "IP Address",
      "placeholder": "8.8.8.8"
    }
  ],
  "category": "Utilities"
}