{
  "name": "orderkuota-login",
  "title": "Get Auth Token",
  "description": "Authenticate in two steps. Select 'request_otp' to begin, then 'verify_otp' after receiving the email & copy auth token on api respon.",
  "method": "POST",
  "path": "/api/orderkuota-login",
  "parameters": [
    {
      "type": "select",
      "name": "action",
      "label": "Action",
      "options": [
        {
          "value": "request_otp",
          "text": "Request OTP (Step 1)"
        },
        {
          "value": "verify_otp",
          "text": "Verify OTP (Step 2)"
        }
      ]
    },
    {
      "type": "text",
      "name": "username",
      "label": "Username",
      "placeholder": "Enter your OrderKuota username"
    },
    {
      "type": "password",
      "name": "password",
      "label": "Password (for Request OTP only)",
      "placeholder": "Optional: Only fill when requesting OTP"
    },
    {
      "type": "text",
      "name": "otp",
      "label": "OTP Code (for Verify OTP only)",
      "placeholder": "Optional: Only fill during verification"
    }
  ],
  "response": {
    "success": true,
    "results": {
      "otp": "email",
      "otp_value": "your_masked_email@gmail.com",
      "token": "SESSION_TOKEN_IF_VERIFICATION_IS_SUCCESSFUL"
    }
  },
  "curl": "curl -X POST https://matic.eu.org/api/orderkuota-login \\\n  -H \"Authorization: Bearer YOUR_API_KEY\" \\\n  -H \"Content-Type: application/json\" \\\n  -d '{\"action\":\"request_otp\",\"username\":\"your_username\",\"password\":\"Optional: Only fill when requesting OTP\",\"otp\":\"Optional: Only fill during verification\"}'",
  "category": "Order Kuota"
}