[
  {
    "apiKey": "pk-zMyyRgiiqegOSZ7x9ZMOTY0KvjQ37P2t7VLDJpwBcV5nbMej",
    "createdAt": "2025-05-28T19:11:10.005Z",
    "ipAddress": "180.252.165.129",
    "lastUsed": "2025-05-28T19:55:53.987Z",
    "usageCount": 6
  },
  {
    "apiKey": "pk-X2JvObslWeCUclBL4h31Rbu1wnpueSkSl6IbfGm8DKbGkc5L",
    "createdAt": "2025-05-29T14:38:29.937Z",
    "ipAddress": "180.252.165.129",
    "lastUsed": "2025-05-29T14:52:12.204Z",
    "usageCount": 13
  },
  {
    "createdAt": "2025-05-29T15:42:42.211Z",
    "ip": "180.252.165.129",
    "lastUsed": "2025-05-29T15:45:01.436Z",
    "usageCount": 6
  },
  {
    "apiKey": "pk-waV4G5OWPbNgp6he2vNuY4F17xh8kFi6IhmaMcAPTM1FZbL1",
    "createdAt": "2025-05-29T15:16:17.071Z",
    "ipAddress": "180.252.165.129",
    "lastUsed": "2025-05-29T15:17:48.343Z",
    "usageCount": 5
  },
  {
    "apiKey": "pk-D54JYjhWa2F7DEJKKLAEPspGBWuBxTt2gwheCAVemAfLhmfZ",
    "createdAt": "2025-05-29T15:20:14.219Z",
    "ipAddress": "180.252.165.129",
    "lastUsed": "2025-05-29T15:20:34.756Z",
    "usageCount": 2
  },
  {
    "apiKey": "pk-X4LnvGfGwYiPDbY4oMLlrEbqCQ3swpBPqOj9fXpiY3VX71lp",
    "createdAt": "2025-05-29T15:30:04.220Z",
    "ipAddress": "180.252.165.129",
    "lastUsed": "2025-05-29T15:30:59.115Z",
    "usageCount": 3
  },
  {
    "apiKey": "pk-9gAOwHjMPPNWYQKP6XFF94ZVH9yz6K2TT55iySdafQBDtXRN",
    "createdAt": "2025-05-29T16:14:27.513Z",
    "ipAddress": "180.252.165.129",
    "lastUsed": "2025-05-29T16:14:48.677Z",
    "usageCount": 3
  },
  {
    "apiKey": "pk-CZ0mVMFF1yphEuUd3bol9fAFomINSYbXfFrUcbRHtNh7dQh0",
    "createdAt": "2025-05-29T16:22:16.795Z",
    "ipAddress": "180.252.165.129",
    "lastUsed": "2025-05-29T16:23:01.573Z",
    "usageCount": 3
  },
  {
    "apiKey": "pk-LNBCa7OMNJCnLa1vEuTg2jse8DZbIgsgSUKxegpF5duq5ZWh",
    "createdAt": "2025-05-29T16:24:14.523Z",
    "ipAddress": "180.252.165.129",
    "lastUsed": "2025-05-29T16:24:22.389Z",
    "usageCount": 1
  },
  {
    "apiKey": "pk-02fqAGH85yphcMLR0LE0XJdnIU5aMOFpkoFYDDPW6nCUaGbu",
    "createdAt": "2025-05-29T16:27:35.727Z",
    "ipAddress": "180.252.165.129",
    "lastUsed": "2025-05-29T16:27:35.727Z",
    "usageCount": 0
  },
  {
    "apiKey": "pk-sfQelxvJJnaKKDYEypkziFOiLkw5IZmLAOtsNwgBfoCYd1Ie",
    "createdAt": "2025-05-29T16:30:08.838Z",
    "ipAddress": "180.252.165.129",
    "lastUsed": "2025-05-29T16:30:08.838Z",
    "usageCount": 0
  },
  {
    "apiKey": "pk-q5ak21O2mtJeSVeOcERqUzUxXbTrACwWusXsWL45qgMXF1lw",
    "createdAt": "2025-05-29T16:32:58.692Z",
    "ipAddress": "180.252.165.129",
    "lastUsed": "2025-05-29T16:33:50.878Z",
    "usageCount": 2
  },
  {
    "apiKey": "pk-XNDQl3IDfmJ0dDXyt0irVy0nuGOP2gYpkQZkvKPui8LlUvNN",
    "createdAt": "2025-05-29T16:35:44.495Z",
    "ipAddress": "180.252.165.129",
    "lastUsed": "2025-05-29T16:35:44.495Z",
    "usageCount": 0
  },
  {
    "apiKey": "pk-FyvqqyMbLUDplh5oDirImseyUKsPvyVS9IhzrOea89XIxvhy",
    "createdAt": "2025-05-29T16:38:09.319Z",
    "ipAddress": "180.252.165.129",
    "lastUsed": "2025-05-29T16:38:09.319Z",
    "usageCount": 0
  },
  {
    "apiKey": "pk-5MOHNiGR5xfOMvt8K1BNOq5c2VWEeU3pDbCRSpnVCAijjaG2",
    "createdAt": "2025-05-29T16:38:32.221Z",
    "ipAddress": "180.252.165.129",
    "lastUsed": "2025-05-29T16:38:32.221Z",
    "usageCount": 0
  },
  {
    "apiKey": "pk-uKYOcyZeOQ9Q4gMJ5cRqXqdHa48o7WTBlPoSYR8wTqYtmL0y",
    "createdAt": "2025-05-29T16:41:20.752Z",
    "ipAddress": "180.252.165.129",
    "lastUsed": "2025-05-29T16:45:04.770Z",
    "usageCount": 11
  },
  {
    "apiKey": "pk-NCVQFTm9EefDNfgEwSKtUlgV6dKEUlhAhx9Eq4fQdakPmTuc",
    "createdAt": "2025-05-29T16:50:35.492Z",
    "ipAddress": "180.252.165.129",
    "lastUsed": "2025-05-29T16:51:04.973Z",
    "usageCount": 2
  },
  {
    "apiKey": "pk-LInvHBw8bZ0tOFwAN8XFrdctYbX0LlnDNmOpa1pTFRGtMPUR",
    "createdAt": "2025-05-29T17:10:42.979Z",
    "ipAddress": "180.252.165.129",
    "lastUsed": "2025-05-29T17:11:18.119Z",
    "usageCount": 3
  },
  {
    "apiKey": "pk-5T9L7simnSO7RQLsQOZ5uCZeTb5cofQSxjT4eg1a4uyn3x5x",
    "createdAt": "2025-05-29T17:14:55.701Z",
    "ipAddress": "180.252.165.129",
    "lastUsed": "2025-05-29T17:15:01.744Z",
    "usageCount": 1
  },
  {
    "apiKey": "pk-3ACOUVIlI2B1IP3xjB7zzoeO8Hy4oh5FzJdKZxZ2ZuAo7QTa",
    "createdAt": "2025-05-29T17:17:51.030Z",
    "ipAddress": "180.252.165.129",
    "lastUsed": "2025-05-29T17:18:24.738Z",
    "usageCount": 2
  },
  {
    "apiKey": "matic-Zs68cuToIiBdokHvjf",
    "createdAt": "2025-05-29T19:33:37.202Z",
    "ipAddress": "180.252.165.129",
    "lastUsed": "2025-05-29T19:35:24.522Z",
    "usageCount": 2
  },
  {
    "apiKey": "matic-rdiVDqcyoBtqCSGtqn",
    "createdAt": "2025-05-31T16:59:20.167Z",
    "ipAddress": "180.252.164.42",
    "lastUsed": "2025-06-13T17:55:33.032Z",
    "usageCount": 320
  },
  {
    "apiKey": "matic-BQYwnjAE7ONUUdlha8",
    "createdAt": "2025-06-07T15:59:15.139Z",
    "ipAddress": "180.252.160.196",
    "lastUsed": "2025-06-07T16:19:37.737Z",
    "usageCount": 5
  },
  {
    "apiKey": "matic-DqWgyu55OxWM3aR4KX",
    "createdAt": "2025-06-07T17:24:53.257Z",
    "ipAddress": "180.252.160.196",
    "lastUsed": "2025-06-07T17:24:53.257Z",
    "usageCount": 0
  },
  {
    "apiKey": "matic-ioIPTDq5nZgJXlWmfI",
    "createdAt": "2025-06-08T17:31:33.834Z",
    "ipAddress": "114.5.250.93",
    "lastUsed": "2025-06-08T17:32:08.678Z",
    "usageCount": 1
  },
  {
    "apiKey": "matic-mhEqVefnEy7F2XLR73",
    "createdAt": "2025-06-08T17:32:47.037Z",
    "ipAddress": "180.252.160.196",
    "lastUsed": "2025-06-08T17:32:47.037Z",
    "usageCount": 0
  },
  {
    "apiKey": "matic-XeEdAMXkSKzrxr4IvI",
    "createdAt": "2025-06-08T17:56:45.618Z",
    "ipAddress": "103.124.197.126",
    "lastUsed": "2025-06-08T17:56:45.618Z",
    "usageCount": 0
  },
  {
    "apiKey": "matic-WZDwcrXVBnrt7RCqmp",
    "createdAt": "2025-06-08T17:56:46.203Z",
    "ipAddress": "103.175.49.51",
    "lastUsed": "2025-06-16T11:39:01.987Z",
    "usageCount": 2
  },
  {
    "apiKey": "matic-5C2qdxJFH1kzJes9Tm",
    "createdAt": "2025-06-08T19:30:33.329Z",
    "ipAddress": "180.247.154.173",
    "lastUsed": "2025-06-08T19:30:33.329Z",
    "usageCount": 0
  },
  {
    "apiKey": "matic-iPvRV4oJp4HlvkRneT",
    "createdAt": "2025-06-08T20:25:22.332Z",
    "ipAddress": "66.249.75.236",
    "lastUsed": "2025-06-08T20:25:22.333Z",
    "usageCount": 0
  },
  {
    "apiKey": "matic-ZtUR24cIZdRlgUypQa",
    "createdAt": "2025-06-08T20:53:00.076Z",
    "ipAddress": "110.138.201.245",
    "lastUsed": "2025-06-08T20:53:00.076Z",
    "usageCount": 0
  },
  {
    "apiKey": "matic-p5u4b5Au5TBR348Dok",
    "createdAt": "2025-06-09T12:54:59.270Z",
    "ipAddress": "180.251.234.104",
    "lastUsed": "2025-06-09T12:54:59.270Z",
    "usageCount": 0
  },
  {
    "apiKey": "matic-9cHXcURDJofkOMZdkL",
    "createdAt": "2025-06-10T07:51:11.629Z",
    "ipAddress": "121.150.20.145",
    "lastUsed": "2025-06-10T07:53:12.059Z",
    "usageCount": 2
  },
  {
    "apiKey": "matic-4L8qmSonF3ZwhciPwH",
    "createdAt": "2025-06-10T07:59:12.171Z",
    "ipAddress": "103.23.224.164",
    "lastUsed": "2025-06-10T07:59:12.171Z",
    "usageCount": 0
  },
  {
    "apiKey": "matic-1yJhFLVHsmtjmXght5",
    "createdAt": "2025-06-10T07:59:32.503Z",
    "ipAddress": "114.122.10.56",
    "lastUsed": "2025-06-10T08:35:52.908Z",
    "usageCount": 3
  },
  {
    "apiKey": "matic-E4FEQ6S77wce8seKfZ",
    "createdAt": "2025-06-10T08:01:21.025Z",
    "ipAddress": "202.59.197.26",
    "lastUsed": "2025-06-10T08:20:25.137Z",
    "usageCount": 4
  },
  {
    "apiKey": "matic-T5bah3QtZ1kXlZPSJn",
    "createdAt": "2025-06-10T08:13:46.832Z",
    "ipAddress": "140.213.15.50",
    "lastUsed": "2025-06-10T08:16:48.168Z",
    "usageCount": 14
  },
  {
    "apiKey": "matic-Nu8gULhBVjY0J5XjZs",
    "createdAt": "2025-06-10T08:19:08.072Z",
    "ipAddress": "140.213.57.140",
    "lastUsed": "2025-06-10T08:23:32.082Z",
    "usageCount": 5
  },
  {
    "apiKey": "matic-fKuzLwstPPTHFg8Bzo",
    "createdAt": "2025-06-10T08:29:25.571Z",
    "ipAddress": "125.165.109.21",
    "lastUsed": "2025-06-10T08:29:25.571Z",
    "usageCount": 0
  },
  {
    "apiKey": "matic-lFUaxsqe4Dq4qoURCr",
    "createdAt": "2025-06-10T08:30:08.098Z",
    "ipAddress": "27.124.95.121",
    "lastUsed": "2025-06-10T08:30:08.098Z",
    "usageCount": 0
  },
  {
    "apiKey": "matic-QLTrw1oxx7FfxGeArH",
    "createdAt": "2025-06-10T08:32:36.792Z",
    "ipAddress": "110.137.223.253",
    "lastUsed": "2025-06-10T08:32:36.792Z",
    "usageCount": 0
  },
  {
    "apiKey": "matic-jO2b4Jt7quwafwvwoK",
    "createdAt": "2025-06-10T08:50:20.271Z",
    "ipAddress": "180.254.72.71",
    "lastUsed": "2025-06-10T08:50:20.271Z",
    "usageCount": 0
  },
  {
    "apiKey": "matic-GSe0yadtIVGJCqTAO6",
    "createdAt": "2025-06-10T09:14:49.556Z",
    "ipAddress": "140.213.1.205",
    "lastUsed": "2025-06-10T09:14:49.556Z",
    "usageCount": 0
  },
  {
    "apiKey": "matic-uIW4ddNqZo5zWfjhPu",
    "createdAt": "2025-06-10T09:36:06.481Z",
    "ipAddress": "125.165.31.243",
    "lastUsed": "2025-06-10T09:37:12.755Z",
    "usageCount": 2
  },
  {
    "apiKey": "matic-eBtEWcIGheDkMA4iy3",
    "createdAt": "2025-06-10T10:10:30.611Z",
    "ipAddress": "180.252.160.196",
    "lastUsed": "2025-06-10T10:10:30.611Z",
    "usageCount": 0
  },
  {
    "apiKey": "matic-ePtX1PbnLZ6ocCozKU",
    "createdAt": "2025-06-10T10:10:30.883Z",
    "ipAddress": "180.252.160.196",
    "lastUsed": "2025-06-10T10:10:30.883Z",
    "usageCount": 0
  },
  {
    "apiKey": "matic-i6IAM60EqsWMKkNiI6",
    "createdAt": "2025-06-10T10:10:31.154Z",
    "ipAddress": "180.252.160.196",
    "lastUsed": "2025-06-10T10:10:31.154Z",
    "usageCount": 0
  },
  {
    "apiKey": "matic-vACu7Vls3ZxdX2qahb",
    "createdAt": "2025-06-10T10:10:31.608Z",
    "ipAddress": "180.252.160.196",
    "lastUsed": "2025-06-10T10:10:31.608Z",
    "usageCount": 0
  },
  {
    "apiKey": "matic-mpVk4bEI0aaydDsXDM",
    "createdAt": "2025-06-10T10:12:33.770Z",
    "ipAddress": "66.249.82.168",
    "lastUsed": "2025-06-10T10:12:33.770Z",
    "usageCount": 0
  },
  {
    "apiKey": "matic-bO4wBCt0thVFlEcZ82",
    "createdAt": "2025-06-10T10:12:33.966Z",
    "ipAddress": "66.249.82.160",
    "lastUsed": "2025-06-10T10:12:33.966Z",
    "usageCount": 0
  },
  {
    "apiKey": "matic-pq40d9qeovF4ljYmMY",
    "createdAt": "2025-06-10T10:26:31.618Z",
    "ipAddress": "180.252.166.48",
    "lastUsed": "2025-06-10T10:27:07.233Z",
    "usageCount": 1
  },
  {
    "apiKey": "matic-GGnKDZST5eGwUK9GSQ",
    "createdAt": "2025-06-10T13:35:14.954Z",
    "ipAddress": "114.10.125.171",
    "lastUsed": "2025-06-10T13:35:14.954Z",
    "usageCount": 0
  },
  {
    "apiKey": "matic-RIxOKcw5qVOty4Jhdx",
    "createdAt": "2025-06-10T15:11:28.869Z",
    "ipAddress": "114.10.153.154",
    "lastUsed": "2025-06-10T15:11:28.869Z",
    "usageCount": 0
  },
  {
    "apiKey": "matic-6RYbYjFEYvlaZLo1yL",
    "createdAt": "2025-06-10T15:59:55.867Z",
    "ipAddress": "180.253.72.95",
    "lastUsed": "2025-06-10T15:59:55.867Z",
    "usageCount": 0
  },
  {
    "apiKey": "matic-nVzwRXmnBE1LEpthll",
    "createdAt": "2025-06-10T16:00:36.400Z",
    "ipAddress": "114.79.20.114",
    "lastUsed": "2025-06-10T16:01:01.545Z",
    "usageCount": 2
  },
  {
    "apiKey": "matic-CP0x7Y6MvxoDVKhXem",
    "createdAt": "2025-06-10T16:04:06.602Z",
    "ipAddress": "182.1.198.204",
    "lastUsed": "2025-06-10T16:04:06.602Z",
    "usageCount": 0
  },
  {
    "apiKey": "matic-Dg2XrXRJSaxxrgT9bs",
    "createdAt": "2025-06-10T16:30:34.407Z",
    "ipAddress": "125.163.156.201",
    "lastUsed": "2025-06-10T16:42:04.393Z",
    "usageCount": 20
  },
  {
    "apiKey": "matic-5Hdr26AkVC8mXFWW9L",
    "createdAt": "2025-06-10T17:25:03.917Z",
    "ipAddress": "114.10.152.118",
    "lastUsed": "2025-06-10T17:25:03.917Z",
    "usageCount": 0
  },
  {
    "apiKey": "matic-YO6ZEKPNNefSHqjEiL",
    "createdAt": "2025-06-10T17:28:28.787Z",
    "ipAddress": "103.142.255.16",
    "lastUsed": "2025-06-10T17:28:28.787Z",
    "usageCount": 0
  },
  {
    "apiKey": "matic-HopcP3nkkcmgJfIKXS",
    "createdAt": "2025-06-10T18:00:37.795Z",
    "ipAddress": "110.137.195.147",
    "lastUsed": "2025-06-10T18:00:37.795Z",
    "usageCount": 0
  },
  {
    "apiKey": "matic-2df2h8raLPVtAszYmV",
    "createdAt": "2025-06-10T18:00:57.925Z",
    "ipAddress": "140.213.28.40",
    "lastUsed": "2025-06-10T18:01:44.741Z",
    "usageCount": 2
  },
  {
    "apiKey": "matic-vDtlJhkutns3GT9lDb",
    "createdAt": "2025-06-10T18:12:38.251Z",
    "ipAddress": "202.62.14.76",
    "lastUsed": "2025-06-10T18:14:06.394Z",
    "usageCount": 5
  },
  {
    "apiKey": "matic-NOxSu4veVBaYcHPYZK",
    "createdAt": "2025-06-10T18:14:21.045Z",
    "ipAddress": "140.213.2.122",
    "lastUsed": "2025-06-10T18:14:21.045Z",
    "usageCount": 0
  },
  {
    "apiKey": "matic-KqmnjJvlnHgBWZunIT",
    "createdAt": "2025-06-10T19:04:21.737Z",
    "ipAddress": "180.254.115.60",
    "lastUsed": "2025-06-10T19:05:24.674Z",
    "usageCount": 2
  },
  {
    "apiKey": "matic-MxatQaUDTlmToHBg12",
    "createdAt": "2025-06-10T19:25:50.570Z",
    "ipAddress": "140.213.6.171",
    "lastUsed": "2025-06-10T20:34:35.882Z",
    "usageCount": 25
  },
  {
    "apiKey": "matic-HhmhZeHA2cKYjwR3uQ",
    "createdAt": "2025-06-10T20:31:42.898Z",
    "ipAddress": "180.252.160.196",
    "lastUsed": "2025-06-10T20:33:54.313Z",
    "usageCount": 1
  },
  {
    "apiKey": "matic-l24j04YXMTcYLRUDu5",
    "createdAt": "2025-06-11T16:56:26.105Z",
    "ipAddress": "110.137.103.93",
    "lastUsed": "2025-06-11T16:56:26.105Z",
    "usageCount": 0
  },
  {
    "apiKey": "matic-Q3d2i5SEMygqFzDAEo",
    "createdAt": "2025-06-13T08:24:23.684Z",
    "ipAddress": "125.167.59.128",
    "lastUsed": "2025-06-13T08:25:29.928Z",
    "usageCount": 1
  },
  {
    "apiKey": "matic-ThrFFyOssWWQINQCiQ",
    "createdAt": "2025-06-13T08:44:46.747Z",
    "ipAddress": "114.124.241.62",
    "lastUsed": "2025-06-13T08:45:46.769Z",
    "usageCount": 3
  },
  {
    "apiKey": "matic-ARYnYTdt2HPB3pUZHt",
    "createdAt": "2025-06-13T09:52:58.055Z",
    "ipAddress": "182.253.57.105",
    "lastUsed": "2025-06-13T09:52:58.055Z",
    "usageCount": 0
  },
  {
    "apiKey": "matic-dpmwT88H6lxyB4CL6f",
    "createdAt": "2025-06-13T13:33:52.014Z",
    "ipAddress": "182.2.145.250",
    "lastUsed": "2025-06-13T13:33:52.014Z",
    "usageCount": 0
  },
  {
    "apiKey": "matic-hOSZ1FeZUWtb33hRoP",
    "createdAt": "2025-06-14T11:18:20.570Z",
    "ipAddress": "180.252.160.196",
    "lastUsed": "2025-06-14T11:18:20.570Z",
    "usageCount": 0
  },
  {
    "apiKey": "matic-9kKJW8mZWUkr8vpTqg",
    "createdAt": "2025-06-14T11:19:01.614Z",
    "ipAddress": "180.252.160.196",
    "lastUsed": "2025-06-14T11:24:12.087Z",
    "usageCount": 3
  },
  {
    "apiKey": "matic-dh9yklCzdCLiT8tAu8",
    "createdAt": "2025-06-14T11:55:13.038Z",
    "ipAddress": "180.252.164.125",
    "lastUsed": "2025-06-16T14:51:13.678Z",
    "usageCount": 263
  },
  {
    "apiKey": "matic-EffbYCCSRzM8qAyqQh",
    "createdAt": "2025-06-14T12:21:48.313Z",
    "ipAddress": "51.159.99.244",
    "lastUsed": "2025-06-14T12:21:48.313Z",
    "usageCount": 0
  },
  {
    "apiKey": "matic-2evNw26aZJO8mhcnFv",
    "createdAt": "2025-06-14T15:31:44.243Z",
    "ipAddress": "112.215.65.210",
    "lastUsed": "2025-06-14T15:31:44.243Z",
    "usageCount": 0
  },
  {
    "apiKey": "matic-F320v56qJtbuiliOWa",
    "createdAt": "2025-06-15T05:33:10.825Z",
    "ipAddress": "180.253.167.125",
    "lastUsed": "2025-06-16T05:35:35.781Z",
    "usageCount": 6
  },
  {
    "apiKey": "matic-JUgIn6i1kRoXc1s6q8",
    "createdAt": "2025-06-15T05:33:11.614Z",
    "ipAddress": "173.252.95.35",
    "lastUsed": "2025-06-15T05:33:11.614Z",
    "usageCount": 0
  },
  {
    "apiKey": "matic-CRAjh52Y0Pf4hp0Kc2",
    "createdAt": "2025-06-15T05:46:36.725Z",
    "ipAddress": "114.10.134.237",
    "lastUsed": "2025-06-15T05:46:36.725Z",
    "usageCount": 0
  },
  {
    "apiKey": "matic-XQoKsltVwm2swsVQyi",
    "createdAt": "2025-06-15T11:28:25.007Z",
    "ipAddress": "114.10.145.223",
    "lastUsed": "2025-06-15T11:28:25.009Z",
    "usageCount": 0
  },
  {
    "apiKey": "matic-nNJFqoVKKUg7ytoR4N",
    "createdAt": "2025-06-15T11:53:30.815Z",
    "ipAddress": "140.213.149.46",
    "lastUsed": "2025-06-15T11:53:30.815Z",
    "usageCount": 0
  },
  {
    "apiKey": "matic-CY7YR10bx0BugkJBXZ",
    "createdAt": "2025-06-15T22:03:29.358Z",
    "ipAddress": "205.169.39.13",
    "lastUsed": "2025-06-15T22:03:29.358Z",
    "usageCount": 0
  },
  {
    "apiKey": "matic-snmoBjpU3CGG9izU16",
    "createdAt": "2025-06-16T07:01:45.132Z",
    "ipAddress": "114.10.147.41",
    "lastUsed": "2025-06-16T07:01:45.132Z",
    "usageCount": 0
  },
  {
    "apiKey": "matic-slubIJxVwfb4v3zPLS",
    "createdAt": "2025-06-16T07:05:41.495Z",
    "ipAddress": "120.188.65.92",
    "lastUsed": "2025-06-16T07:05:41.495Z",
    "usageCount": 0
  },
  {
    "apiKey": "matic-3XgGSJW0cKlKK0HQpC",
    "createdAt": "2025-06-16T11:04:48.787Z",
    "ipAddress": "114.10.149.234",
    "lastUsed": "2025-06-16T11:04:48.787Z",
    "usageCount": 0
  },
  {
    "apiKey": "matic-rOeZXqa01GQn1xMOAr",
    "createdAt": "2025-06-16T11:06:40.363Z",
    "ipAddress": "140.213.17.38",
    "lastUsed": "2025-06-16T11:08:00.959Z",
    "usageCount": 1
  },
  {
    "apiKey": "matic-CrG2inzPrfkqNtljm8",
    "createdAt": "2025-06-16T11:06:56.284Z",
    "ipAddress": "202.59.197.29",
    "lastUsed": "2025-06-16T11:06:56.284Z",
    "usageCount": 0
  },
  {
    "apiKey": "matic-P0LyCaSBmmNyhzB1Ux",
    "createdAt": "2025-06-16T11:08:12.480Z",
    "ipAddress": "114.10.98.6",
    "lastUsed": "2025-06-16T11:08:12.480Z",
    "usageCount": 0
  },
  {
    "apiKey": "matic-89nzJuPccjRFY28v9l",
    "createdAt": "2025-06-16T11:08:13.467Z",
    "ipAddress": "103.163.135.51",
    "lastUsed": "2025-06-16T11:08:13.467Z",
    "usageCount": 0
  },
  {
    "apiKey": "matic-LzctVmW15Ifjr2Fa5n",
    "createdAt": "2025-06-16T11:10:08.020Z",
    "ipAddress": "120.188.92.34",
    "lastUsed": "2025-06-16T11:12:52.602Z",
    "usageCount": 1
  },
  {
    "apiKey": "matic-yNwLJz4IfXdGywnhKv",
    "createdAt": "2025-06-16T11:11:01.092Z",
    "ipAddress": "103.193.178.195",
    "lastUsed": "2025-06-16T11:11:01.092Z",
    "usageCount": 0
  },
  {
    "apiKey": "matic-vE1st27vVgEhi3Capk",
    "createdAt": "2025-06-16T11:11:17.986Z",
    "ipAddress": "103.130.18.16",
    "lastUsed": "2025-06-16T11:11:17.986Z",
    "usageCount": 0
  },
  {
    "apiKey": "matic-41rjsgKnmFYzLp67pP",
    "createdAt": "2025-06-16T11:12:19.635Z",
    "ipAddress": "180.248.12.210",
    "lastUsed": "2025-06-16T11:13:55.438Z",
    "usageCount": 1
  },
  {
    "apiKey": "matic-t7dA8Nj7Co9ABky8Sa",
    "createdAt": "2025-06-16T11:15:43.943Z",
    "ipAddress": "103.175.238.197",
    "lastUsed": "2025-06-16T11:43:10.457Z",
    "usageCount": 2
  },
  {
    "apiKey": "matic-Z7ZtrSSUXxfwCTM8WD",
    "createdAt": "2025-06-16T11:18:21.884Z",
    "ipAddress": "202.59.197.58",
    "lastUsed": "2025-06-16T11:18:48.565Z",
    "usageCount": 1
  },
  {
    "apiKey": "matic-RFMBwpxDyWN2FUL6Bd",
    "createdAt": "2025-06-16T11:30:18.907Z",
    "ipAddress": "157.15.82.147",
    "lastUsed": "2025-06-16T11:30:18.907Z",
    "usageCount": 0
  },
  {
    "apiKey": "matic-LcDusfWiWb5QDvwRQb",
    "createdAt": "2025-06-16T11:36:40.798Z",
    "ipAddress": "180.249.187.234",
    "lastUsed": "2025-06-16T11:36:40.798Z",
    "usageCount": 0
  },
  {
    "apiKey": "matic-xCWf943s8sPiQP2jpU",
    "createdAt": "2025-06-16T11:37:29.991Z",
    "ipAddress": "140.213.78.121",
    "lastUsed": "2025-06-16T11:37:29.991Z",
    "usageCount": 0
  },
  {
    "apiKey": "matic-QrMdhZjle5OseqaIT4",
    "createdAt": "2025-06-16T11:38:39.789Z",
    "ipAddress": "140.213.164.76",
    "lastUsed": "2025-06-16T11:38:39.789Z",
    "usageCount": 0
  },
  {
    "apiKey": "matic-unszd6a1jYj5Hk1j7e",
    "createdAt": "2025-06-16T11:38:45.335Z",
    "ipAddress": "114.10.75.38",
    "lastUsed": "2025-06-16T11:38:45.335Z",
    "usageCount": 0
  },
  {
    "apiKey": "matic-QbcO6KRSpngu9YncRO",
    "createdAt": "2025-06-16T11:39:55.712Z",
    "ipAddress": "103.130.16.26",
    "lastUsed": "2025-06-16T11:39:55.712Z",
    "usageCount": 0
  },
  {
    "apiKey": "matic-Jt0H1gnttAbbSPD8RQ",
    "createdAt": "2025-06-16T11:39:58.301Z",
    "ipAddress": "140.213.136.184",
    "lastUsed": "2025-06-16T11:39:58.301Z",
    "usageCount": 0
  },
  {
    "apiKey": "matic-TjQJpiYbX8fhiBKJt7",
    "createdAt": "2025-06-16T11:40:09.018Z",
    "ipAddress": "140.213.132.57",
    "lastUsed": "2025-06-16T11:48:12.353Z",
    "usageCount": 2
  },
  {
    "apiKey": "matic-IrcvdxzNeWOw3Tfj9f",
    "createdAt": "2025-06-16T11:46:49.792Z",
    "ipAddress": "180.252.118.74",
    "lastUsed": "2025-06-16T11:46:49.792Z",
    "usageCount": 0
  },
  {
    "apiKey": "matic-jzNkCgjeQHLP1Evo7J",
    "createdAt": "2025-06-16T11:48:34.328Z",
    "ipAddress": "118.99.112.15",
    "lastUsed": "2025-06-16T11:48:34.328Z",
    "usageCount": 0
  },
  {
    "apiKey": "matic-13myJpNDPkKhQyBGq0",
    "createdAt": "2025-06-16T11:49:28.595Z",
    "ipAddress": "103.189.207.165",
    "lastUsed": "2025-06-16T11:49:28.595Z",
    "usageCount": 0
  },
  {
    "apiKey": "matic-KeZ0xnBqN8AuNw7LTa",
    "createdAt": "2025-06-16T11:51:18.710Z",
    "ipAddress": "202.59.197.57",
    "lastUsed": "2025-06-16T11:52:37.856Z",
    "usageCount": 2
  },
  {
    "apiKey": "matic-KXmf2lmR0rTpWsRCYT",
    "createdAt": "2025-06-16T11:55:18.868Z",
    "ipAddress": "103.105.52.77",
    "lastUsed": "2025-06-16T11:55:18.868Z",
    "usageCount": 0
  },
  {
    "apiKey": "matic-0KPxhdGJJqNXqXv72u",
    "createdAt": "2025-06-16T11:57:28.036Z",
    "ipAddress": "114.5.248.208",
    "lastUsed": "2025-06-16T11:58:29.768Z",
    "usageCount": 2
  },
  {
    "apiKey": "matic-S0DUadl3KUeqAVSf7n",
    "createdAt": "2025-06-16T11:58:45.126Z",
    "ipAddress": "114.4.214.170",
    "lastUsed": "2025-06-16T11:58:45.126Z",
    "usageCount": 0
  },
  {
    "apiKey": "matic-9of6RJBc2NlF2h16Ks",
    "createdAt": "2025-06-16T11:58:51.182Z",
    "ipAddress": "103.178.87.38",
    "lastUsed": "2025-06-16T11:58:51.182Z",
    "usageCount": 0
  },
  {
    "apiKey": "matic-rJ5qLBj8gWoNbtKYZo",
    "createdAt": "2025-06-16T12:20:13.897Z",
    "ipAddress": "103.173.138.175",
    "lastUsed": "2025-06-16T12:20:13.897Z",
    "usageCount": 0
  },
  {
    "apiKey": "matic-cIZHcFHPrr9NpH4Trn",
    "createdAt": "2025-06-16T12:21:41.399Z",
    "ipAddress": "103.130.16.23",
    "lastUsed": "2025-06-16T12:21:41.399Z",
    "usageCount": 0
  },
  {
    "apiKey": "matic-FAtS9pP0t3VZPLqxf6",
    "createdAt": "2025-06-16T12:40:13.413Z",
    "ipAddress": "112.215.241.81",
    "lastUsed": "2025-06-16T12:40:13.413Z",
    "usageCount": 0
  },
  {
    "apiKey": "matic-gkJeA1HILufaKBk5Ti",
    "createdAt": "2025-06-16T12:48:01.579Z",
    "ipAddress": "139.195.182.243",
    "lastUsed": "2025-06-16T12:48:01.579Z",
    "usageCount": 0
  },
  {
    "apiKey": "matic-o4tKNgOcJ7jcipNVdH",
    "createdAt": "2025-06-16T12:58:02.314Z",
    "ipAddress": "182.1.234.114",
    "lastUsed": "2025-06-16T12:58:02.314Z",
    "usageCount": 0
  },
  {
    "apiKey": "matic-hLu0FVj9aXWBLrGftt",
    "createdAt": "2025-06-16T13:03:00.844Z",
    "ipAddress": "103.111.100.42",
    "lastUsed": "2025-06-16T13:03:42.379Z",
    "usageCount": 4
  },
  {
    "apiKey": "matic-YN2KHasPh1MHpzSq6F",
    "createdAt": "2025-06-16T13:12:45.918Z",
    "ipAddress": "36.72.213.131",
    "lastUsed": "2025-06-16T13:12:45.918Z",
    "usageCount": 0
  },
  {
    "apiKey": "matic-2strp3WmbowrRbxbXb",
    "createdAt": "2025-06-16T13:23:49.322Z",
    "ipAddress": "140.213.132.38",
    "lastUsed": "2025-06-16T13:23:49.322Z",
    "usageCount": 0
  },
  {
    "apiKey": "matic-OLtsUHWivuvo1EN8SO",
    "createdAt": "2025-06-16T13:24:16.938Z",
    "ipAddress": "182.253.63.43",
    "lastUsed": "2025-06-16T13:24:16.938Z",
    "usageCount": 0
  },
  {
    "apiKey": "matic-fCoEVofQu7vTKcF6MS",
    "createdAt": "2025-06-16T13:24:56.668Z",
    "ipAddress": "103.144.91.2",
    "lastUsed": "2025-06-16T13:24:56.668Z",
    "usageCount": 0
  },
  {
    "apiKey": "matic-3pkimczHtddfPtBS3B",
    "createdAt": "2025-06-16T13:34:25.066Z",
    "ipAddress": "120.188.85.13",
    "lastUsed": "2025-06-16T13:34:25.066Z",
    "usageCount": 0
  },
  {
    "apiKey": "matic-qGd4XVXDbOLZO5fXQm",
    "createdAt": "2025-06-16T13:35:31.807Z",
    "ipAddress": "182.1.117.214",
    "lastUsed": "2025-06-16T13:35:31.807Z",
    "usageCount": 0
  },
  {
    "apiKey": "matic-9Mzg9XMgYQ98sFRZK7",
    "createdAt": "2025-06-16T13:43:35.482Z",
    "ipAddress": "36.83.43.224",
    "lastUsed": "2025-06-16T13:45:12.248Z",
    "usageCount": 5
  },
  {
    "apiKey": "matic-JETSHoeei8hjAAV928",
    "createdAt": "2025-06-16T13:48:05.705Z",
    "ipAddress": "180.251.182.167",
    "lastUsed": "2025-06-16T13:48:05.705Z",
    "usageCount": 0
  },
  {
    "apiKey": "matic-pk159Pioy7ng9SgGAT",
    "createdAt": "2025-06-16T13:54:41.449Z",
    "ipAddress": "114.10.42.239",
    "lastUsed": "2025-06-16T13:54:41.449Z",
    "usageCount": 0
  },
  {
    "apiKey": "matic-dJqihHSEqhO0HDle4K",
    "createdAt": "2025-06-16T14:02:00.304Z",
    "ipAddress": "180.244.160.216",
    "lastUsed": "2025-06-16T14:02:00.304Z",
    "usageCount": 0
  },
  {
    "apiKey": "matic-Be4FrbC4jbT6c5r5cM",
    "createdAt": "2025-06-16T14:02:11.809Z",
    "ipAddress": "114.125.76.73",
    "lastUsed": "2025-06-16T14:02:11.809Z",
    "usageCount": 0
  },
  {
    "apiKey": "matic-RtnDHTz7u0Rp7TheTB",
    "createdAt": "2025-06-16T14:07:08.875Z",
    "ipAddress": "202.58.79.45",
    "lastUsed": "2025-06-16T14:07:08.875Z",
    "usageCount": 0
  },
  {
    "apiKey": "matic-XZUxMkqN3OgbnMn7mG",
    "createdAt": "2025-06-16T14:07:49.149Z",
    "ipAddress": "64.65.111.217",
    "lastUsed": "2025-06-16T14:07:49.149Z",
    "usageCount": 0
  },
  {
    "apiKey": "matic-SwQCZgnuFQBxhIoIFr",
    "createdAt": "2025-06-16T14:25:52.764Z",
    "ipAddress": "140.213.170.239",
    "lastUsed": "2025-06-16T14:25:52.948Z",
    "usageCount": 0
  }
]