[
  {
    "name": "Fake Data",
    "testUrl": "https://matic.eu.org/api/randomuser",
    "type": "GET",
    "requestBody": "",
    "hidden": false
  },
  {
    "name": "Gemini",
    "testUrl": "https://matic.eu.org/api/gemini",
    "type": "POST_JSON",
    "requestBody": "{\"prompt\": \"Hello world\"}",
    "hidden": false
  },
  {
    "name": "DeepSeek",
    "testUrl": "https://matic.eu.org/api/deepseek",
    "type": "POST_JSON",
    "requestBody": "{\"prompt\": \"Test query\"}",
    "hidden": false
  },
  {
    "name": "LLaMA",
    "testUrl": "/api/llama",
    "type": "POST_JSON",
    "requestBody": "{\"prompt\": \"Generate response\"}",
    "hidden": false
  },
  {
    "name": "Microsoft",
    "testUrl": "/api/microsoft",
    "type": "POST_JSON",
    "requestBody": "{\"input\": \"sample text\"}",
    "hidden": false
  },
  {
    "name": "NVIDIA",
    "testUrl": "/api/nvidia",
    "type": "POST_JSON",
    "requestBody": "{\"prompt\": \"simple request\"}",
    "hidden": false
  },
  {
    "name": "QRCode",
    "testUrl": "/api/qrcode?url=https://matic.eu.org",
    "type": "GET",
    "requestBody": "",
    "hidden": false
  },
  {
    "name": "DocParser",
    "testUrl": "/api/docparser",
    "type": "POST_FORM_DATA",
    "requestBody": "",
    "hidden": false
  },
  {
    "name": "Embed",
    "testUrl": "/api/embed?url=https://www.youtube.com/watch?v=dQw4w9WgXcQ",
    "type": "GET",
    "requestBody": "",
    "hidden": true
  },
  {
    "name": "Whois",
    "testUrl": "/api/whois?url=https://google.com",
    "type": "GET",
    "requestBody": "",
    "hidden": false
  },
  {
    "name": "Shorten",
    "testUrl": "/api/shorten?url=https://example.com/a-very-long-url",
    "type": "GET",
    "requestBody": "",
    "hidden": false
  },
  {
    "name": "IP Locator",
    "testUrl": "/api/iplocator?ip=8.8.8.8",
    "type": "GET",
    "requestBody": "",
    "hidden": false
  },
  {
    "name": "SSL",
    "testUrl": "/api/ssl?host=google.com",
    "type": "GET",
    "requestBody": "",
    "hidden": false
  },
  {
    "name": "Metadata",
    "testUrl": "/api/metadata",
    "type": "POST_FORM_DATA",
    "requestBody": "",
    "hidden": false
  },
  {
    "name": "DNS",
    "testUrl": "/api/dns?domain=google.com",
    "type": "GET",
    "requestBody": "",
    "hidden": false
  },
  {
    "name": "Translate",
    "testUrl": "/api/translate",
    "type": "POST_JSON",
    "requestBody": "{\"text\": \"Hello\", \"sourceLang\": \"en\", \"targetLang\": \"id\"}",
    "hidden": false
  },
  {
    "name": "Currency",
    "testUrl": "/api/currency?amount=1&from=USD&to=IDR",
    "type": "GET",
    "requestBody": "",
    "hidden": false
  },
  {
    "name": "ASCII Art",
    "testUrl": "/api/asciiart?text=test&font=Standard",
    "type": "GET",
    "requestBody": "",
    "hidden": false
  },
  {
    "name": "Hash",
    "testUrl": "/api/hash",
    "type": "POST_JSON",
    "requestBody": "{\"data\": \"test_string_to_hash\", \"algorithm\": \"sha256\"}",
    "hidden": false
  },
  {
    "name": "Leet",
    "testUrl": "/api/leet",
    "type": "POST_JSON",
    "requestBody": "{\"text\": \"Test Leet conversion\"}",
    "hidden": false
  },
  {
    "name": "OrderKuota - Login",
    "testUrl": "https://matic.eu.org/api/orderkuota-login",
    "type": "POST_JSON",
    "requestBody": "{\"action\":\"request_otp\",\"username\":\"bovalone\",\"password\":\"02193272981k\",\"otp\":\"Optional: Only fill during verification\"}",
    "hidden": false
  },
  {
    "name": "OrderKuota - Info",
    "testUrl": "https://matic.eu.org/api/orderkuota-info",
    "type": "POST_JSON",
    "requestBody": "{\"username\":\"bovalone\",\"authToken\":\"2487026:KoqFJSXGt4cO8xe7CNmEwuMAzTaWUPZv\"}",
    "hidden": false
  },
  {
    "name": "OrderKuota - History",
    "testUrl": "https://matic.eu.org/api/orderkuota-history",
    "type": "POST_JSON",
    "requestBody": "{\"username\":\"bovalone\",\"authToken\":\"2487026:KoqFJSXGt4cO8xe7CNmEwuMAzTaWUPZv\"}",
    "hidden": false
  },
  {
    "name": "Fake Company",
    "testUrl": "https://matic.eu.org/api/fakecompany",
    "type": "GET",
    "requestBody": "",
    "hidden": false
  },
  {
    "name": "Fake VCC",
    "testUrl": "https://matic.eu.org/api/fakevcc",
    "type": "GET",
    "requestBody": "",
    "hidden": false
  },
  {
    "name": "Fake Document",
    "testUrl": "https://matic.eu.org/api/fakegovdoc",
    "type": "GET",
    "requestBody": "",
    "hidden": false
  },
  {
    "name": "Fake Laws",
    "testUrl": "https://matic.eu.org/api/fakelaw",
    "type": "GET",
    "requestBody": "",
    "hidden": false
  },
  {
    "name": "Fake Data V2",
    "testUrl": "https://matic.eu.org/api/randomuserv2",
    "type": "GET",
    "requestBody": "",
    "hidden": false
  }
]